{"cameraMode":{"drawMode":0,"name":"Shaded","section":"Shading Mode"},"sceneLighting":true,"audioPlay":false,"sceneViewState":{"showFog":true,"showMaterialUpdate":false,"showSkybox":true,"showFlares":true,"showImageEffects":true,"showParticleSystems":true},"in2DMode":false,"pivot":{"x":48.986976623535159,"y":2.740000009536743,"z":52.256587982177737},"rotation":{"x":0.00009974837303161621,"y":-0.9873640537261963,"z":0.15864096581935883,"w":0.0005988072953186929},"size":2.5298569202423097,"orthographic":false}