{"cameraMode":{"drawMode":0,"name":"Shaded","section":"Shading Mode"},"sceneLighting":true,"audioPlay":false,"sceneViewState":{"showFog":true,"showMaterialUpdate":false,"showSkybox":true,"showFlares":true,"showImageEffects":true,"showParticleSystems":true},"in2DMode":false,"pivot":{"x":46.45956802368164,"y":3.1356072425842287,"z":49.71467590332031},"rotation":{"x":0.0008490877808071673,"y":-0.9974319934844971,"z":0.012280725874006749,"w":0.07104355841875076},"size":3.376089096069336,"orthographic":false}