{"cameraMode":{"drawMode":0,"name":"Shaded","section":"Shading Mode"},"sceneLighting":true,"audioPlay":false,"sceneViewState":{"showFog":true,"showMaterialUpdate":false,"showSkybox":true,"showFlares":true,"showImageEffects":true,"showParticleSystems":true},"in2DMode":false,"pivot":{"x":37.33467483520508,"y":2.7246663570404054,"z":43.44291687011719},"rotation":{"x":0.15129247307777406,"y":-0.8281629085540772,"z":0.26744234561920168,"w":0.4688396155834198},"size":5.252376556396484,"orthographic":false}