{"cameraMode":{"drawMode":0,"name":"Shaded","section":"Shading Mode"},"sceneLighting":true,"audioPlay":false,"sceneViewState":{"showFog":true,"showMaterialUpdate":false,"showSkybox":true,"showFlares":true,"showImageEffects":true,"showParticleSystems":true},"in2DMode":false,"pivot":{"x":36.35289764404297,"y":3.660726547241211,"z":43.319252014160159},"rotation":{"x":-0.07223483175039292,"y":-0.5583125948905945,"z":0.04884905368089676,"w":-0.8250716328620911},"size":2.1776435375213625,"orthographic":false}